{"train_loss": 0.3203323913605755, "train_accuracy": 0.8853166666666666, "val_loss": 0.3100945049886842, "val_accuracy": 0.896, "_runtime": 188, "_timestamp": 1615299036, "_step": 4}