{"train_loss": 0.2781472402684526, "train_accuracy": 0.8988888888888888, "val_loss": 0.34105976639552776, "val_accuracy": 0.8771666666666667, "_runtime": 330, "_timestamp": 1615389223, "_step": 9}