{"train_loss": 0.5466585742682294, "train_accuracy": 0.7944444444444444, "val_loss": 0.6232274604565339, "val_accuracy": 0.7710869565217391, "_runtime": 172, "_timestamp": 1615416148, "_step": 9}