{"train_loss": 0.3260121289667443, "train_accuracy": 0.8805666666666667, "val_loss": 0.31643278944754705, "val_accuracy": 0.8863333333333333, "_runtime": 208, "_timestamp": 1615307016, "_step": 4}