{"train_loss": 0.27261406076174116, "train_accuracy": 0.89625, "val_loss": 0.2398515233178195, "val_accuracy": 0.9066666666666666, "_runtime": 211, "_timestamp": 1615300255, "_step": 9}