{"train_loss": 0.26731291495845416, "train_accuracy": 0.8996851851851851, "val_loss": 0.31819801046674706, "val_accuracy": 0.8868333333333334, "_runtime": 442, "_timestamp": 1615372781, "_step": 9}