{"train_loss": 0.38373759156436177, "train_accuracy": 0.8648833333333333, "val_loss": 0.3752512499149475, "val_accuracy": 0.8663333333333333, "_runtime": 107, "_timestamp": 1615297802, "_step": 4}