{"train_loss": 0.28489371410789455, "train_accuracy": 0.8946481481481482, "val_loss": 0.3231889749564241, "val_accuracy": 0.8866666666666667, "_runtime": 278, "_timestamp": 1615375167, "_step": 4}