{"train_loss": 0.28094089796418714, "train_accuracy": 0.8976, "val_loss": 0.2664998955331558, "val_accuracy": 0.904, "_runtime": 226, "_timestamp": 1615297180, "_step": 9}