{"train_loss": 0.2903870375586089, "train_accuracy": 0.8944166666666666, "val_loss": 0.27512073010951243, "val_accuracy": 0.8963333333333333, "_runtime": 79, "_timestamp": 1615304224, "_step": 4}