{"train_loss": 0.514854792636166, "train_accuracy": 0.8055434782608696, "val_loss": 0.586359210786174, "val_accuracy": 0.7822826086956521, "_runtime": 379, "_timestamp": 1615418628, "_step": 4}