{"train_loss": 1.551265877783316, "train_accuracy": 0.42183574879227054, "val_loss": 1.5562555965380604, "val_accuracy": 0.4125, "_runtime": 100, "_timestamp": 1615393148, "_step": 4}