{"train_loss": 2.304421382124261, "train_accuracy": 0.10027777777777777, "val_loss": 2.318987687238797, "val_accuracy": 0.0975, "_runtime": 153, "_timestamp": 1615367816, "_step": 9}