{"train_loss": 1.738938824321347, "train_accuracy": 0.5088666666666667, "val_loss": 1.736226827104269, "val_accuracy": 0.5046666666666667, "_runtime": 121, "_timestamp": 1615298140, "_step": 4}