{"train_loss": 0.45826251777223714, "train_accuracy": 0.8282004830917874, "val_loss": 0.5496803881878577, "val_accuracy": 0.7954347826086956, "_runtime": 536, "_timestamp": 1615399873, "_step": 9}