{"train_loss": 0.4227346060588138, "train_accuracy": 0.8376570048309179, "val_loss": 0.5888091820557102, "val_accuracy": 0.7930434782608695, "_runtime": 480, "_timestamp": 1615419142, "_step": 9}