{"train_loss": 1.2677146451670058, "train_accuracy": 0.5335740740740741, "val_loss": 1.2646893156838752, "val_accuracy": 0.5398333333333334, "_runtime": 54, "_timestamp": 1615366751, "_step": 4}