{"train_loss": 0.5161474371228284, "train_accuracy": 0.8203333333333334, "val_loss": 0.5398675544366919, "val_accuracy": 0.8108333333333333, "_runtime": 47, "_timestamp": 1615362147, "_step": 4}