{"train_loss": 0.26318111671045114, "train_accuracy": 0.9012962962962963, "val_loss": 0.3142022799784914, "val_accuracy": 0.8886666666666667, "_runtime": 335, "_timestamp": 1615370759, "_step": 9}