{"train_loss": 0.28024053117020686, "train_accuracy": 0.9011166666666667, "test_loss": 0.40239306407746217, "test_accuracy": 0.8703, "_runtime": 1061, "_timestamp": 1615481167, "_step": 9}