{"train_loss": 0.7507705034965068, "train_accuracy": 0.7619814814814815, "val_loss": 0.7531547739296391, "val_accuracy": 0.7548333333333334, "_runtime": 137, "_timestamp": 1615363571, "_step": 9}