{"train_loss": 0.36234851979056876, "train_accuracy": 0.8738333333333334, "val_loss": 0.37611627736163816, "val_accuracy": 0.8783333333333333, "_runtime": 109, "_timestamp": 1615300648, "_step": 9}