{"train_loss": 0.4064080346089765, "train_accuracy": 0.8472222222222222, "val_loss": 0.5894929624539064, "val_accuracy": 0.8030434782608695, "_runtime": 502, "_timestamp": 1615409382, "_step": 9}