{"train_loss": 0.33069712891253195, "train_accuracy": 0.8796333333333334, "val_loss": 0.31189794364505763, "val_accuracy": 0.8851666666666667, "_runtime": 98, "_timestamp": 1615305387, "_step": 9}