{"train_loss": 0.4874552778648583, "train_accuracy": 0.8372833333333334, "val_loss": 0.48388228856830234, "val_accuracy": 0.8391666666666666, "_runtime": 163, "_timestamp": 1615299473, "_step": 9}