{"train_loss": 2.3016561678527614, "train_accuracy": 0.1, "val_loss": 2.300146359768271, "val_accuracy": 0.10983333333333334, "_runtime": 156, "_timestamp": 1615297679, "_step": 9}