{"train_loss": 2.285041756652067, "train_accuracy": 0.3198, "val_loss": 2.2842581915538203, "val_accuracy": 0.33, "_runtime": 2914, "_timestamp": 1615275956, "_step": 19}