{"train_loss": 0.5098810951290896, "train_accuracy": 0.8102294685990338, "val_loss": 0.5626862597893297, "val_accuracy": 0.7953260869565217, "_runtime": 384, "_timestamp": 1615404549, "_step": 4}