{"train_loss": 0.280051912627388, "train_accuracy": 0.8998166666666667, "val_loss": 0.25816681698606947, "val_accuracy": 0.9061666666666667, "_runtime": 355, "_timestamp": 1615301028, "_step": 9}