{"train_loss": 0.5442689523459262, "train_accuracy": 0.7985748792270532, "val_loss": 0.6503417434291834, "val_accuracy": 0.7696739130434782, "_runtime": 181, "_timestamp": 1615419908, "_step": 9}