{"train_loss": 0.5826904742316519, "train_accuracy": 0.7825, "val_loss": 0.659593906881852, "val_accuracy": 0.7618478260869566, "_runtime": 174, "_timestamp": 1615417110, "_step": 9}