{"train_loss": 0.4555295579186522, "train_accuracy": 0.8271859903381642, "val_loss": 0.5642396970160519, "val_accuracy": 0.7942391304347826, "_runtime": 574, "_timestamp": 1615395997, "_step": 9}