{"train_loss": 0.43794954386231094, "train_accuracy": 0.8442592592592593, "val_loss": 0.44359350770158507, "val_accuracy": 0.841, "_runtime": 289, "_timestamp": 1615369426, "_step": 9}