{"train_loss": 0.3431782993209982, "train_accuracy": 0.8777777777777778, "val_loss": 0.37472371712738956, "val_accuracy": 0.8655, "_runtime": 48, "_timestamp": 1615367248, "_step": 4}