{"train_loss": 0.487685317987262, "train_accuracy": 0.8170169082125603, "val_loss": 0.5734408241997523, "val_accuracy": 0.7948913043478261, "_runtime": 300, "_timestamp": 1615405950, "_step": 4}