{"train_loss": 0.25180825612608443, "train_accuracy": 0.9037407407407407, "val_loss": 0.3413210964198945, "val_accuracy": 0.8826666666666667, "_runtime": 408, "_timestamp": 1615387272, "_step": 9}