{"train_loss": 2.2851471710454367, "train_accuracy": 0.19706666666666667, "val_loss": 2.28408491982041, "val_accuracy": 0.20966666666666667, "_runtime": 515, "_timestamp": 1615277023, "_step": 19}