{"train_loss": 0.27327666664600353, "train_accuracy": 0.9014814814814814, "val_loss": 0.32472024821974077, "val_accuracy": 0.8811666666666667, "_runtime": 349, "_timestamp": 1615384570, "_step": 9}