{"train_loss": 0.3365935810624731, "train_accuracy": 0.8785185185185185, "val_loss": 0.3761888689410766, "val_accuracy": 0.864, "_runtime": 98, "_timestamp": 1615363935, "_step": 4}