{"train_loss": 1.0197904152541082, "train_accuracy": 0.6325845410628019, "val_loss": 1.0110408101879116, "val_accuracy": 0.6385869565217391, "_runtime": 646, "_timestamp": 1615414526, "_step": 4}