{"train_loss": 0.2678459813790237, "train_accuracy": 0.9011111111111111, "val_loss": 0.32026351349057863, "val_accuracy": 0.8818333333333334, "_runtime": 345, "_timestamp": 1615388864, "_step": 9}