{"train_loss": 1.9699663176570918, "train_accuracy": 0.3712962962962963, "val_loss": 1.9758592183759875, "val_accuracy": 0.36233333333333334, "_runtime": 53, "_timestamp": 1615362391, "_step": 4}