{"train_loss": 0.48075196737177256, "train_accuracy": 0.8189613526570049, "val_loss": 0.5961308133774776, "val_accuracy": 0.7841304347826087, "_runtime": 264, "_timestamp": 1615398544, "_step": 4}