{"train_loss": 0.31533753254052843, "train_accuracy": 0.8869333333333334, "val_loss": 0.283648868211069, "val_accuracy": 0.9018333333333334, "_runtime": 222, "_timestamp": 1615300506, "_step": 4}