{"train_loss": 0.5561420645824195, "train_accuracy": 0.7920652173913043, "val_loss": 0.6224036173053853, "val_accuracy": 0.7745652173913044, "_runtime": 170, "_timestamp": 1615413802, "_step": 9}