{"train_loss": 0.27899161096484143, "train_accuracy": 0.8978666666666667, "val_loss": 0.26019835689320836, "val_accuracy": 0.908, "_runtime": 93, "_timestamp": 1615304335, "_step": 9}