{"train_loss": 0.6292072402808438, "train_accuracy": 0.8017962962962963, "val_loss": 0.6431342138879436, "val_accuracy": 0.7971666666666667, "_runtime": 82, "_timestamp": 1615364402, "_step": 4}