{"train_loss": 0.27868178361325047, "train_accuracy": 0.8995333333333333, "val_loss": 0.2666715154077926, "val_accuracy": 0.9096666666666666, "_runtime": 253, "_timestamp": 1615298816, "_step": 9}