{"train_loss": 0.25085646183100874, "train_accuracy": 0.9056333333333333, "val_loss": 0.20795164995625656, "val_accuracy": 0.9225, "_runtime": 203, "_timestamp": 1615303945, "_step": 9}