{"train_loss": 2.2848656847977273, "train_accuracy": 0.17589371980676327, "val_loss": 2.284972034138408, "val_accuracy": 0.17782608695652175, "_runtime": 250, "_timestamp": 1615392504, "_step": 9}