{"train_loss": 0.4224633463907193, "train_accuracy": 0.8372101449275362, "val_loss": 0.5960184692198761, "val_accuracy": 0.7932608695652174, "_runtime": 614, "_timestamp": 1615398251, "_step": 9}