{"train_loss": 0.3057783690786114, "train_accuracy": 0.8906296296296297, "val_loss": 0.32395213643938126, "val_accuracy": 0.8878333333333334, "_runtime": 227, "_timestamp": 1615384827, "_step": 9}