{"train_loss": 0.6040092012558148, "train_accuracy": 0.8019444444444445, "val_loss": 0.5964526710787685, "val_accuracy": 0.8076666666666666, "_runtime": 208, "_timestamp": 1615377216, "_step": 9}