{"train_loss": 0.5637771116834479, "train_accuracy": 0.7907850241545894, "val_loss": 0.6429202853358296, "val_accuracy": 0.7644565217391305, "_runtime": 215, "_timestamp": 1615395386, "_step": 9}