{"train_loss": 0.3109466606772418, "train_accuracy": 0.8837833333333334, "val_loss": 0.29039359807299014, "val_accuracy": 0.892, "_runtime": 136, "_timestamp": 1615303345, "_step": 9}