{"train_loss": 0.27879976390015365, "train_accuracy": 0.8991296296296296, "val_loss": 0.3377399930302009, "val_accuracy": 0.874, "_runtime": 325, "_timestamp": 1615380520, "_step": 9}