{"train_loss": 0.2428764818843082, "train_accuracy": 0.9099833333333334, "val_loss": 0.21433468223630864, "val_accuracy": 0.9201666666666667, "_runtime": 562, "_timestamp": 1615307922, "_step": 9}