{"train_loss": 0.27485142305933946, "train_accuracy": 0.901074074074074, "val_loss": 0.3316582018503272, "val_accuracy": 0.8853333333333333, "_runtime": 298, "_timestamp": 1615384192, "_step": 9}