{"train_loss": 0.34854959471658853, "train_accuracy": 0.8731296296296296, "val_loss": 0.38555069742224524, "val_accuracy": 0.8536666666666667, "_runtime": 151, "_timestamp": 1615372960, "_step": 4}