{"train_loss": 0.28982970306263933, "train_accuracy": 0.8932962962962963, "val_loss": 0.36162025968106726, "val_accuracy": 0.869, "_runtime": 276, "_timestamp": 1615368604, "_step": 9}