{"train_loss": 0.37361788452379613, "train_accuracy": 0.8649444444444444, "val_loss": 0.41307013101630474, "val_accuracy": 0.8508333333333333, "_runtime": 79, "_timestamp": 1615364773, "_step": 4}