{"train_loss": 2.288589976563158, "train_accuracy": 0.2447826086956522, "val_loss": 2.2885896958611154, "val_accuracy": 0.2373913043478261, "_runtime": 361, "_timestamp": 1615386685, "_step": 8}