{"train_loss": 0.3113858026854866, "train_accuracy": 0.8865185185185185, "val_loss": 0.34864088226536855, "val_accuracy": 0.8743333333333333, "_runtime": 272, "_timestamp": 1615388488, "_step": 9}