{"train_loss": 0.24811134681603872, "train_accuracy": 0.90515, "val_loss": 0.20528541675766196, "val_accuracy": 0.9191666666666667, "_runtime": 249, "_timestamp": 1615304714, "_step": 9}