{"train_loss": 0.4432728163967669, "train_accuracy": 0.8356400966183575, "val_loss": 0.6189641389450137, "val_accuracy": 0.8003260869565217, "_runtime": 1093, "_timestamp": 1615387994, "_step": 9}