{"train_loss": 0.6710038780327556, "train_accuracy": 0.755072463768116, "val_loss": 0.7170481999967486, "val_accuracy": 0.7395652173913043, "_runtime": 190, "_timestamp": 1615392728, "_step": 9}