{"train_loss": 0.46907806901748744, "train_accuracy": 0.8235507246376812, "val_loss": 0.6733382660043945, "val_accuracy": 0.7740217391304348, "_runtime": 549, "_timestamp": 1615413598, "_step": 9}