{"train_loss": 0.4614513193489312, "train_accuracy": 0.8268115942028985, "val_loss": 0.5656167674894585, "val_accuracy": 0.7954347826086956, "_runtime": 259, "_timestamp": 1615413016, "_step": 9}