{"train_loss": 0.8398061130577907, "train_accuracy": 0.6977898550724637, "val_loss": 0.8611709213442184, "val_accuracy": 0.6938043478260869, "_runtime": 1051, "_timestamp": 1615397603, "_step": 9}