{"train_loss": 0.3394151803810542, "train_accuracy": 0.8860370370370371, "val_loss": 0.40284323634439256, "val_accuracy": 0.8735, "_runtime": 74, "_timestamp": 1615362831, "_step": 4}