{"train_loss": 0.4524437765210484, "train_accuracy": 0.8403166666666667, "val_loss": 0.4388551080918914, "val_accuracy": 0.8443333333333334, "_runtime": 308, "_timestamp": 1615296803, "_step": 9}