{"train_loss": 0.25308857244249333, "train_accuracy": 0.90575, "val_loss": 0.20396292611828823, "val_accuracy": 0.9225, "_runtime": 216, "_timestamp": 1615302193, "_step": 9}