{"train_loss": 0.27741254944783555, "train_accuracy": 0.8963333333333333, "val_loss": 0.2356467859471681, "val_accuracy": 0.9086666666666666, "_runtime": 477, "_timestamp": 1615302803, "_step": 9}