{"train_loss": 0.28154773811694445, "train_accuracy": 0.8952592592592593, "val_loss": 0.3333150048160055, "val_accuracy": 0.8786666666666667, "_runtime": 359, "_timestamp": 1615388187, "_step": 9}