{"train_loss": 0.2867370948934691, "train_accuracy": 0.8961666666666667, "val_loss": 0.2766249323467285, "val_accuracy": 0.8955, "_runtime": 214, "_timestamp": 1615299283, "_step": 9}