{"train_loss": 0.25526543120051426, "train_accuracy": 0.9046481481481482, "val_loss": 0.3334932609189143, "val_accuracy": 0.8861666666666667, "_runtime": 612, "_timestamp": 1615378690, "_step": 9}