{"train_loss": 0.4468343339806779, "train_accuracy": 0.8322463768115942, "val_loss": 0.6140771180953094, "val_accuracy": 0.7964130434782609, "_runtime": 661, "_timestamp": 1615410835, "_step": 9}