{"train_loss": 2.3029216228020064, "train_accuracy": 0.09966666666666667, "val_loss": 2.3028468359299294, "val_accuracy": 0.103, "_runtime": 99, "_timestamp": 1615363699, "_step": 4}