{"train_loss": 0.5079399955868744, "train_accuracy": 0.8127173913043478, "val_loss": 0.5780971150770635, "val_accuracy": 0.783804347826087, "_runtime": 505, "_timestamp": 1615410142, "_step": 9}