{"train_loss": 0.2961988457766822, "train_accuracy": 0.8904814814814814, "val_loss": 0.32765820688841657, "val_accuracy": 0.883, "_runtime": 85, "_timestamp": 1615367636, "_step": 4}