{"train_loss": 0.259504731562517, "train_accuracy": 0.9055740740740741, "val_loss": 0.32358980283245464, "val_accuracy": 0.8855, "_runtime": 386, "_timestamp": 1615382117, "_step": 9}