{"train_loss": 0.2952995032926053, "train_accuracy": 0.8926851851851851, "val_loss": 0.36481375965212226, "val_accuracy": 0.8726666666666667, "_runtime": 300, "_timestamp": 1615389551, "_step": 9}