{"train_loss": 0.7484004133805605, "train_accuracy": 0.7292512077294686, "val_loss": 0.7911958131388156, "val_accuracy": 0.7141304347826087, "_runtime": 667, "_timestamp": 1615392220, "_step": 9}