{"train_loss": 0.695017816940635, "train_accuracy": 0.7522342995169082, "val_loss": 0.7237395883618826, "val_accuracy": 0.7432608695652174, "_runtime": 262, "_timestamp": 1615414820, "_step": 4}