{"train_loss": 0.4787643750012972, "train_accuracy": 0.8260185185185185, "val_loss": 0.4998591807184907, "val_accuracy": 0.8211666666666667, "_runtime": 316, "_timestamp": 1615362731, "_step": 9}