{"train_loss": 0.6557909061612407, "train_accuracy": 0.803074074074074, "val_loss": 0.6574454043111371, "val_accuracy": 0.7968333333333333, "_runtime": 67, "_timestamp": 1615366837, "_step": 4}