{"train_loss": 0.5840997937264573, "train_accuracy": 0.7853140096618357, "val_loss": 0.6389573091173875, "val_accuracy": 0.764891304347826, "_runtime": 191, "_timestamp": 1615394173, "_step": 9}