{"train_loss": 0.26393011549162054, "train_accuracy": 0.901537037037037, "val_loss": 0.3308253887783557, "val_accuracy": 0.8808333333333334, "_runtime": 388, "_timestamp": 1615373671, "_step": 9}