{"train_loss": 0.29131586135783516, "train_accuracy": 0.895074074074074, "val_loss": 0.3396415552429993, "val_accuracy": 0.8745, "_runtime": 328, "_timestamp": 1615386432, "_step": 9}