{"train_loss": 0.5921656506531707, "train_accuracy": 0.782596618357488, "val_loss": 0.6394962415260266, "val_accuracy": 0.768695652173913, "_runtime": 193, "_timestamp": 1615393957, "_step": 9}