{"train_loss": 2.3040021997439877, "train_accuracy": 0.10088888888888889, "val_loss": 2.306271921730187, "val_accuracy": 0.092, "_runtime": 53, "_timestamp": 1615367961, "_step": 4}