{"train_loss": 0.8410206608388325, "train_accuracy": 0.6959057971014493, "val_loss": 0.8632304091698223, "val_accuracy": 0.6888043478260869, "_runtime": 332, "_timestamp": 1615407419, "_step": 4}