{"train_loss": 0.2927085456874727, "train_accuracy": 0.8930925925925925, "val_loss": 0.34246933449375677, "val_accuracy": 0.8756666666666667, "_runtime": 281, "_timestamp": 1615370065, "_step": 9}