{"train_loss": 0.45207935555231527, "train_accuracy": 0.8408888888888889, "val_loss": 0.45895089388624183, "val_accuracy": 0.838, "_runtime": 54, "_timestamp": 1615366366, "_step": 4}