{"train_loss": 1.0272189539589416, "train_accuracy": 0.6353260869565217, "val_loss": 1.0359650467920696, "val_accuracy": 0.6281521739130435, "_runtime": 663, "_timestamp": 1615420726, "_step": 4}