{"train_loss": 0.424817744530016, "train_accuracy": 0.8553703703703703, "val_loss": 0.4428795364144372, "val_accuracy": 0.8511666666666666, "_runtime": 263, "_timestamp": 1615390440, "_step": 9}