{"train_loss": 2.3010674859205023, "train_accuracy": 0.09981481481481481, "val_loss": 2.300821482274945, "val_accuracy": 0.10166666666666667, "_runtime": 151, "_timestamp": 1615361829, "_step": 9}