{"train_loss": 1.818873907407618, "train_accuracy": 0.4292222222222222, "val_loss": 1.8291164780655056, "val_accuracy": 0.43583333333333335, "_runtime": 64, "_timestamp": 1615367155, "_step": 4}