{"train_loss": 0.4283146906546121, "train_accuracy": 0.8376811594202899, "val_loss": 0.5811760284892183, "val_accuracy": 0.7994565217391304, "_runtime": 496, "_timestamp": 1615417920, "_step": 9}