{"train_loss": 0.4326379634320377, "train_accuracy": 0.8393840579710145, "val_loss": 0.6038359882292567, "val_accuracy": 0.8015217391304348, "_runtime": 525, "_timestamp": 1615419696, "_step": 9}