{"train_loss": 0.81221680472864, "train_accuracy": 0.6704833333333333, "val_loss": 0.8178177609635897, "val_accuracy": 0.6735, "_runtime": 93, "_timestamp": 1615298257, "_step": 9}