{"train_loss": 0.2605401806492156, "train_accuracy": 0.8981481481481481, "val_loss": 0.3540263863381221, "val_accuracy": 0.8768333333333334, "_runtime": 349, "_timestamp": 1615383864, "_step": 9}