{"train_loss": 0.2628823962638097, "train_accuracy": 0.9031111111111111, "val_loss": 0.3060463304486043, "val_accuracy": 0.8871666666666667, "_runtime": 396, "_timestamp": 1615372302, "_step": 9}