{"train_loss": 0.24003520665566397, "train_accuracy": 0.9072962962962963, "val_loss": 0.3574048966316006, "val_accuracy": 0.8808333333333334, "_runtime": 342, "_timestamp": 1615380893, "_step": 9}