{"train_loss": 0.7743987112111785, "train_accuracy": 0.7227294685990339, "val_loss": 0.7826998567423649, "val_accuracy": 0.7191304347826087, "_runtime": 107, "_timestamp": 1615420040, "_step": 4}