{"train_loss": 0.339533694981984, "train_accuracy": 0.8774444444444445, "val_loss": 0.3947580496198506, "val_accuracy": 0.861, "_runtime": 40, "_timestamp": 1615366906, "_step": 4}