{"train_loss": 0.40503751931999377, "train_accuracy": 0.8716833333333334, "val_loss": 0.3868651537603982, "val_accuracy": 0.8708333333333333, "_runtime": 361, "_timestamp": 1615303183, "_step": 9}