{"train_loss": NaN, "train_accuracy": 0.8164492753623188, "val_loss": NaN, "val_accuracy": 0.7851086956521739, "_runtime": 453, "_timestamp": 1615411843, "_step": 9}