{"train_loss": 0.2570409260400453, "train_accuracy": 0.9029, "val_loss": 0.2473729902119114, "val_accuracy": 0.9055, "_runtime": 526, "_timestamp": 1615300028, "_step": 9}