{"train_loss": 0.5905271752445784, "train_accuracy": 0.7983703703703704, "val_loss": 0.6147494015028019, "val_accuracy": 0.7896666666666666, "_runtime": 94, "_timestamp": 1615363185, "_step": 9}