{"train_loss": 0.4975134336491494, "train_accuracy": 0.8185507246376812, "val_loss": 0.6263787124677874, "val_accuracy": 0.7908695652173913, "_runtime": 744, "_timestamp": 1615399305, "_step": 9}