{"train_loss": 2.28472685956333, "train_accuracy": 0.36907407407407405, "val_loss": 2.284523194662614, "val_accuracy": 0.37316666666666665, "_runtime": 214, "_timestamp": 1615365091, "_step": 9}