{"train_loss": 0.45966069545852484, "train_accuracy": 0.8386833333333333, "val_loss": 0.44730690810674145, "val_accuracy": 0.8423333333333334, "_runtime": 87, "_timestamp": 1615296934, "_step": 9}