{"train_loss": 2.3023243060182916, "train_accuracy": 0.10611111111111111, "val_loss": 2.3024479439692875, "val_accuracy": 0.10133333333333333, "_runtime": 86, "_timestamp": 1615364506, "_step": 9}