{"train_loss": 0.2900694599235727, "train_accuracy": 0.8966296296296297, "val_loss": 0.37347227339997774, "val_accuracy": 0.8808333333333334, "_runtime": 393, "_timestamp": 1615374473, "_step": 9}