{"train_loss": NaN, "train_accuracy": 0.09981481481481481, "val_loss": NaN, "val_accuracy": 0.10166666666666667, "_runtime": 441, "_timestamp": 1615379161, "_step": 9}