{"train_loss": 0.28820458135011995, "train_accuracy": 0.8944333333333333, "val_loss": 0.26878238922879466, "val_accuracy": 0.9038333333333334, "_runtime": 274, "_timestamp": 1615301840, "_step": 9}