{"train_loss": 0.4082113437248369, "train_accuracy": 0.8439734299516908, "val_loss": 0.5518223268375889, "val_accuracy": 0.8084782608695652, "_runtime": 492, "_timestamp": 1615421789, "_step": 9}