{"train_loss": 0.8022585796644716, "train_accuracy": 0.7125966183574879, "val_loss": 0.7997712769853682, "val_accuracy": 0.71, "_runtime": 283, "_timestamp": 1615400187, "_step": 4}