{"train_loss": 0.2757626608264053, "train_accuracy": 0.9008518518518519, "val_loss": 0.3415658622549876, "val_accuracy": 0.884, "_runtime": 312, "_timestamp": 1615369765, "_step": 9}