{"train_loss": 0.2731549708705391, "train_accuracy": 0.8978333333333334, "val_loss": 0.23587874150183932, "val_accuracy": 0.9111666666666667, "_runtime": 225, "_timestamp": 1615306403, "_step": 4}