{"train_loss": 0.48403925636525846, "train_accuracy": 0.8365370370370371, "val_loss": 0.49879129613738005, "val_accuracy": 0.8288333333333333, "_runtime": 337, "_timestamp": 1615366066, "_step": 9}