{"train_loss": 2.026164553065747, "train_accuracy": 0.3610555555555556, "val_loss": 2.0355910567017617, "val_accuracy": 0.36, "_runtime": 105, "_timestamp": 1615363820, "_step": 9}