{"train_loss": 0.457344570863397, "train_accuracy": 0.828719806763285, "val_loss": 0.6188436101854001, "val_accuracy": 0.7875, "_runtime": 535, "_timestamp": 1615416715, "_step": 9}