{"train_loss": 0.27429386512575316, "train_accuracy": 0.8985555555555556, "val_loss": 0.35291832509956034, "val_accuracy": 0.8795, "_runtime": 341, "_timestamp": 1615376194, "_step": 9}