{"train_loss": 0.38240171023784586, "train_accuracy": 0.8644, "val_loss": 0.3677713716734415, "val_accuracy": 0.8671666666666666, "_runtime": 96, "_timestamp": 1615304447, "_step": 4}