{"train_loss": 2.283500036014678, "train_accuracy": 0.20544444444444446, "val_loss": 2.2826851597301636, "val_accuracy": 0.20683333333333334, "_runtime": 46, "_timestamp": 1615365463, "_step": 4}