{"train_loss": 0.4936140775974391, "train_accuracy": 0.8140338164251207, "val_loss": 0.5781267199811057, "val_accuracy": 0.7915217391304348, "_runtime": 310, "_timestamp": 1615404132, "_step": 4}