{"train_loss": 2.3026532205945602, "train_accuracy": 0.101, "val_loss": 2.3026701496162003, "val_accuracy": 0.091, "_runtime": 44, "_timestamp": 1615361903, "_step": 4}