{"train_loss": 0.813412339241649, "train_accuracy": 0.7079710144927536, "val_loss": 0.8141778372165328, "val_accuracy": 0.7131521739130435, "_runtime": 250, "_timestamp": 1615408011, "_step": 4}