{"train_loss": 0.24336494318745827, "train_accuracy": 0.9095, "val_loss": 0.33670868142397814, "val_accuracy": 0.8838333333333334, "_runtime": 522, "_timestamp": 1615376987, "_step": 9}