{"train_loss": 0.5353301091357681, "train_accuracy": 0.8065925925925926, "val_loss": 0.5470413433302325, "val_accuracy": 0.798, "_runtime": 206, "_timestamp": 1615363408, "_step": 9}