{"train_loss": NaN, "train_accuracy": 0.8658166666666667, "val_loss": NaN, "val_accuracy": 0.8733333333333333, "_runtime": 161, "_timestamp": 1615297375, "_step": 4}