{"train_loss": 0.5023976241635435, "train_accuracy": 0.8271166666666666, "val_loss": 0.4943229446169106, "val_accuracy": 0.832, "_runtime": 289, "_timestamp": 1615305695, "_step": 9}