{"train_loss": 0.27855526273879744, "train_accuracy": 0.8978333333333334, "val_loss": 0.33034883007554705, "val_accuracy": 0.8843333333333333, "_runtime": 324, "_timestamp": 1615382858, "_step": 9}