{"train_loss": 0.30172702464815837, "train_accuracy": 0.8877333333333334, "val_loss": 0.2843325068706583, "val_accuracy": 0.893, "_runtime": 320, "_timestamp": 1615303681, "_step": 4}