{"train_loss": 2.2850157046185746, "train_accuracy": 0.25953333333333334, "val_loss": 2.284543330212082, "val_accuracy": 0.26916666666666667, "_runtime": 489, "_timestamp": 1615295490, "_step": 19}