{"train_loss": 0.7706982656737672, "train_accuracy": 0.7273792270531401, "val_loss": 0.7786247323774119, "val_accuracy": 0.7228260869565217, "_runtime": 323, "_timestamp": 1615394848, "_step": 9}