{"train_loss": 0.4386623399534491, "train_accuracy": 0.848462962962963, "val_loss": 0.4585346881860196, "val_accuracy": 0.8405, "_runtime": 261, "_timestamp": 1615373258, "_step": 9}