{"train_loss": 0.4802324467706504, "train_accuracy": 0.8322666666666667, "val_loss": 0.4842707809718016, "val_accuracy": 0.8313333333333334, "_runtime": 97, "_timestamp": 1615301958, "_step": 4}