{"train_loss": 0.5262118504222402, "train_accuracy": 0.8016183574879227, "val_loss": 0.6023872303624486, "val_accuracy": 0.7834782608695652, "_runtime": 376, "_timestamp": 1615404959, "_step": 4}