{"train_loss": 0.6187938058942732, "train_accuracy": 0.7991296296296296, "val_loss": 0.6253341499665979, "val_accuracy": 0.7978333333333333, "_runtime": 346, "_timestamp": 1615369108, "_step": 9}