{"train_loss": 0.2759263251484816, "train_accuracy": 0.8983833333333333, "val_loss": 0.24852963159071328, "val_accuracy": 0.91, "_runtime": 133, "_timestamp": 1615305256, "_step": 9}