{"train_loss": 0.28155127254856666, "train_accuracy": 0.89585, "val_loss": 0.260871490699462, "val_accuracy": 0.9026666666666666, "_runtime": 113, "_timestamp": 1615306787, "_step": 9}