{"train_loss": 0.6020043398420003, "train_accuracy": 0.7792391304347827, "val_loss": 0.6293818525781015, "val_accuracy": 0.763804347826087, "_runtime": 269, "_timestamp": 1615408846, "_step": 9}