{"train_loss": 0.48888991064960197, "train_accuracy": 0.8308518518518518, "val_loss": 0.513188015699021, "val_accuracy": 0.82, "_runtime": 99, "_timestamp": 1615367525, "_step": 4}