{"train_loss": 1.571394741189198, "train_accuracy": 0.37183333333333335, "val_loss": 1.565616822871481, "val_accuracy": 0.38666666666666666, "_runtime": 46, "_timestamp": 1615361975, "_step": 4}