{"train_loss": 1.2315275747136434, "train_accuracy": 0.6440925925925925, "val_loss": 1.2550703551710811, "val_accuracy": 0.6408333333333334, "_runtime": 237, "_timestamp": 1615364293, "_step": 9}