{"train_loss": 0.8355670340770572, "train_accuracy": 0.7007850241545893, "val_loss": 0.8255444203444384, "val_accuracy": 0.706304347826087, "_runtime": 263, "_timestamp": 1615407715, "_step": 9}