{"train_loss": 0.2592208832934713, "train_accuracy": 0.9040925925925926, "val_loss": 0.31049449694609804, "val_accuracy": 0.8871666666666667, "_runtime": 356, "_timestamp": 1615374860, "_step": 9}