{"train_loss": 0.2751591895984583, "train_accuracy": 0.8964333333333333, "val_loss": 0.25428760164762654, "val_accuracy": 0.9038333333333334, "_runtime": 126, "_timestamp": 1615306147, "_step": 9}