{"train_loss": 0.8866277744034018, "train_accuracy": 0.6858333333333333, "val_loss": 0.9061929739799043, "val_accuracy": 0.6808333333333333, "_runtime": 102, "_timestamp": 1615368734, "_step": 4}