{"train_loss": 0.3065463770921716, "train_accuracy": 0.8893703703703704, "val_loss": 0.3310566673386345, "val_accuracy": 0.8811666666666667, "_runtime": 242, "_timestamp": 1615385385, "_step": 9}