{"train_loss": 0.5464532564125617, "train_accuracy": 0.8169166666666666, "val_loss": 0.518950479516534, "val_accuracy": 0.8258333333333333, "_runtime": 119, "_timestamp": 1615297507, "_step": 9}