{"train_loss": 0.44805885416757163, "train_accuracy": 0.8490185185185185, "val_loss": 0.43877547404712974, "val_accuracy": 0.86, "_runtime": 86, "_timestamp": 1615361392, "_step": 9}