{"train_loss": 0.5068874268513794, "train_accuracy": 0.8132246376811594, "val_loss": 0.5778963985348536, "val_accuracy": 0.7860869565217391, "_runtime": 496, "_timestamp": 1615408544, "_step": 9}