{"train_loss": 0.2510872609042241, "train_accuracy": 0.9049, "val_loss": 0.20522924175753432, "val_accuracy": 0.9193333333333333, "_runtime": 484, "_timestamp": 1615301542, "_step": 9}