{"train_loss": 0.4779011965588249, "train_accuracy": 0.8289074074074074, "val_loss": 0.5055102384781307, "val_accuracy": 0.814, "_runtime": 77, "_timestamp": 1615366686, "_step": 4}