{"train_loss": 0.3218326032763799, "train_accuracy": 0.8862962962962962, "val_loss": 0.3366584946453583, "val_accuracy": 0.8796666666666667, "_runtime": 157, "_timestamp": 1615385569, "_step": 4}