{"train_loss": 0.26653881643163246, "train_accuracy": 0.9002407407407408, "val_loss": 0.37379938960729314, "val_accuracy": 0.8738333333333334, "_runtime": 492, "_timestamp": 1615381413, "_step": 9}