{"train_loss": 0.2819683595191928, "train_accuracy": 0.8971111111111111, "val_loss": 0.32720535240619597, "val_accuracy": 0.8856666666666667, "_runtime": 237, "_timestamp": 1615383488, "_step": 9}