{"train_loss": 0.42140460587691114, "train_accuracy": 0.8549629629629629, "val_loss": 0.46367658780658816, "val_accuracy": 0.8421666666666666, "_runtime": 153, "_timestamp": 1615365629, "_step": 4}