{"train_loss": 0.809644770505066, "train_accuracy": 0.6628148148148149, "val_loss": 0.8115623654305149, "val_accuracy": 0.6565, "_runtime": 58, "_timestamp": 1615368313, "_step": 4}