{"train_loss": 0.4793836924267331, "train_accuracy": 0.8186473429951691, "val_loss": 0.617212834966344, "val_accuracy": 0.7775, "_runtime": 297, "_timestamp": 1615394503, "_step": 9}