{"train_loss": 0.2541751264420577, "train_accuracy": 0.9076851851851852, "val_loss": 0.3294019206449617, "val_accuracy": 0.8813333333333333, "_runtime": 351, "_timestamp": 1615374049, "_step": 9}