{"train_loss": 1.229407661102385, "train_accuracy": 0.653, "val_loss": 1.2256584474370753, "val_accuracy": 0.6596666666666666, "_runtime": 73, "_timestamp": 1615362067, "_step": 4}