{"train_loss": 0.2851869103715466, "train_accuracy": 0.8901111111111111, "val_loss": 0.3460661508631346, "val_accuracy": 0.8723333333333333, "_runtime": 209, "_timestamp": 1615376435, "_step": 4}