{"train_loss": 2.306858873816324, "train_accuracy": 0.09920370370370371, "val_loss": 2.303506496710664, "val_accuracy": 0.10716666666666666, "_runtime": 124, "_timestamp": 1615361530, "_step": 4}