{"train_loss": 0.6547496983858108, "train_accuracy": 0.761231884057971, "val_loss": 0.6917865609729086, "val_accuracy": 0.7507608695652174, "_runtime": 187, "_timestamp": 1615409601, "_step": 9}