{"train_loss": 0.6149719057878628, "train_accuracy": 0.7723550724637681, "val_loss": 0.6761423718974395, "val_accuracy": 0.7560869565217392, "_runtime": 262, "_timestamp": 1615417393, "_step": 4}