{"train_loss": 0.49762110423607775, "train_accuracy": 0.8149396135265701, "val_loss": 0.6269377231698957, "val_accuracy": 0.7903260869565217, "_runtime": 257, "_timestamp": 1615406550, "_step": 9}