{"train_loss": 1.0110719542189575, "train_accuracy": 0.6375603864734299, "val_loss": 1.030017683479376, "val_accuracy": 0.6372826086956521, "_runtime": 2198, "_timestamp": 1615402773, "_step": 9}