{"train_loss": 2.285367210745688, "train_accuracy": 0.1977, "val_loss": 2.283842788395403, "val_accuracy": 0.20816666666666667, "_runtime": 173, "_timestamp": 1615291238, "_step": 9}