{"train_loss": 0.4852543058872567, "train_accuracy": 0.8337037037037037, "val_loss": 0.504252261953148, "val_accuracy": 0.8278333333333333, "_runtime": 196, "_timestamp": 1615363041, "_step": 4}