{"train_loss": 0.2844839718926252, "train_accuracy": 0.8956111111111111, "val_loss": 0.34734422660107966, "val_accuracy": 0.8731666666666666, "_runtime": 502, "_timestamp": 1615387805, "_step": 9}