{"train_loss": 0.5961951009454168, "train_accuracy": 0.8107592592592593, "val_loss": 0.5871765955179161, "val_accuracy": 0.8171666666666667, "_runtime": 107, "_timestamp": 1615361662, "_step": 4}