{"train_loss": 0.28538956179863084, "train_accuracy": 0.8971666666666667, "val_loss": 0.3112942326405044, "val_accuracy": 0.8905, "_runtime": 228, "_timestamp": 1615390153, "_step": 9}