{"train_loss": 0.2365774524635853, "train_accuracy": 0.9123518518518519, "val_loss": 0.3064189123301063, "val_accuracy": 0.8978333333333334, "_runtime": 470, "_timestamp": 1615377706, "_step": 9}