{"train_loss": 0.2758796472036518, "train_accuracy": 0.8988333333333334, "val_loss": 0.2428940695373805, "val_accuracy": 0.9081666666666667, "_runtime": 92, "_timestamp": 1615302311, "_step": 9}