{"train_loss": 0.2658093176659492, "train_accuracy": 0.9049814814814815, "val_loss": 0.3364416847356316, "val_accuracy": 0.8801666666666667, "_runtime": 299, "_timestamp": 1615370397, "_step": 9}