{"train_loss": 0.9818878361616462, "train_accuracy": 0.6410628019323672, "val_loss": 1.0168895183723659, "val_accuracy": 0.6344565217391305, "_runtime": 235, "_timestamp": 1615393417, "_step": 4}