{"train_loss": 0.5090646633381104, "train_accuracy": 0.8109661835748793, "val_loss": 0.5667626236462598, "val_accuracy": 0.7897826086956522, "_runtime": 496, "_timestamp": 1615415340, "_step": 9}