{"train_loss": 2.298494847094421, "train_accuracy": 0.1373888888888889, "val_loss": 2.3082440757667984, "val_accuracy": 0.13833333333333334, "_runtime": 53, "_timestamp": 1615367892, "_step": 4}