{"train_loss": 0.2614022190814771, "train_accuracy": 0.9050185185185186, "val_loss": 0.3195130589379676, "val_accuracy": 0.8855, "_runtime": 316, "_timestamp": 1615378049, "_step": 9}