{"train_loss": 0.9984815506159614, "train_accuracy": 0.702037037037037, "val_loss": 0.9920128142218049, "val_accuracy": 0.7006666666666667, "_runtime": 92, "_timestamp": 1615383237, "_step": 9}