{"train_loss": 0.2677712647630099, "train_accuracy": 0.9001666666666667, "val_loss": 0.3799768005119804, "val_accuracy": 0.8693333333333333, "_runtime": 289, "_timestamp": 1615379826, "_step": 9}