{"train_loss": 0.2416885279596387, "train_accuracy": 0.9074629629629629, "val_loss": 0.31449264092192797, "val_accuracy": 0.8916666666666667, "_runtime": 308, "_timestamp": 1615389890, "_step": 9}