{"train_loss": 0.44159243077276444, "train_accuracy": 0.8316425120772947, "val_loss": 0.5850353835062099, "val_accuracy": 0.7975, "_runtime": 564, "_timestamp": 1615415941, "_step": 9}