{"train_loss": 2.3046904953590897, "train_accuracy": 0.09996666666666666, "val_loss": 2.3141677476944214, "val_accuracy": 0.10616666666666667, "_runtime": 80, "_timestamp": 1615298542, "_step": 4}