{"train_loss": 0.2810339878715745, "train_accuracy": 0.8973703703703704, "val_loss": 0.3522338701270541, "val_accuracy": 0.875, "_runtime": 377, "_timestamp": 1615382507, "_step": 9}