{"train_loss": 0.6657991603846438, "train_accuracy": 0.7614371980676329, "val_loss": 0.7149556713085621, "val_accuracy": 0.7393478260869565, "_runtime": 487, "_timestamp": 1615396515, "_step": 9}