{"train_loss": 0.46551969713746516, "train_accuracy": 0.8259541062801933, "val_loss": 0.6077796900297784, "val_accuracy": 0.7914130434782609, "_runtime": 977, "_timestamp": 1615403787, "_step": 9}