{"sample_images": {"_type": "image-file", "path": "media/images/sample_images_0_a6690138.png", "sha256": "a669013895e4035ee8a2c94ba34a9fbe9b48affed666a7e7dda2bfcd1de4c992", "size": 22335, "format": "png", "width": 720, "height": 360}, "_runtime": 1208, "_timestamp": 1615479731, "_step": 10, "train_loss": 0.28024053117020686, "train_accuracy": 0.9011166666666667, "test_loss": 0.40239306407746217, "test_accuracy": 0.8703}