{"train_loss": 0.3408477115003167, "train_accuracy": 0.8792333333333333, "val_loss": 0.3202183210274367, "val_accuracy": 0.8855, "_runtime": 168, "_timestamp": 1615298446, "_step": 9}