{"train_loss": 0.49394451110397875, "train_accuracy": 0.8297, "val_loss": 0.48863128472945555, "val_accuracy": 0.8303333333333334, "_runtime": 164, "_timestamp": 1615297988, "_step": 4}