{"train_loss": 0.2846518418933707, "train_accuracy": 0.8980370370370371, "val_loss": 0.3517236156905202, "val_accuracy": 0.8778333333333334, "_runtime": 282, "_timestamp": 1615375480, "_step": 9}