{"train_loss": 0.33923401572177625, "train_accuracy": 0.8783888888888889, "val_loss": 0.38239163955707967, "val_accuracy": 0.8635, "_runtime": 112, "_timestamp": 1615368087, "_step": 4}