{"train_loss": 0.2917385797792777, "train_accuracy": 0.8943, "val_loss": 0.2794281948579288, "val_accuracy": 0.9006666666666666, "_runtime": 100, "_timestamp": 1615304842, "_step": 9}