{"train_loss": 0.5983897191093454, "train_accuracy": 0.8019259259259259, "val_loss": 0.5928459367671601, "val_accuracy": 0.8013333333333333, "_runtime": 263, "_timestamp": 1615381705, "_step": 9}