{"train_loss": 2.3024502111677223, "train_accuracy": 0.12307407407407407, "val_loss": 2.3026311734419083, "val_accuracy": 0.12216666666666667, "_runtime": 140, "_timestamp": 1615364671, "_step": 9}