{"train_loss": 0.26447225374651656, "train_accuracy": 0.9042777777777777, "val_loss": 0.31112314805787694, "val_accuracy": 0.8863333333333333, "_runtime": 380, "_timestamp": 1615386833, "_step": 9}