{"train_loss": 0.30919867560361025, "train_accuracy": 0.8891111111111111, "val_loss": 0.35626714694470063, "val_accuracy": 0.874, "_runtime": 231, "_timestamp": 1615385819, "_step": 9}