{"train_loss": 0.8437604802911582, "train_accuracy": 0.6570925925925926, "val_loss": 0.8893400728106615, "val_accuracy": 0.6436666666666667, "_runtime": 72, "_timestamp": 1615365715, "_step": 9}