{"train_loss": 0.4692898348726601, "train_accuracy": 0.8244565217391304, "val_loss": 0.6247589045161922, "val_accuracy": 0.7803260869565217, "_runtime": 288, "_timestamp": 1615412724, "_step": 9}