{"train_loss": 2.302608079107363, "train_accuracy": 0.1000925925925926, "val_loss": 2.302695332772404, "val_accuracy": 0.09916666666666667, "_runtime": 83, "_timestamp": 1615364043, "_step": 4}