{"train_loss": 0.4564080376282951, "train_accuracy": 0.8282246376811594, "val_loss": 0.5946098873001524, "val_accuracy": 0.7989130434782609, "_runtime": 527, "_timestamp": 1615412402, "_step": 9}