{"train_loss": 0.6417859100184674, "train_accuracy": 0.7710144927536232, "val_loss": 0.6722477262679496, "val_accuracy": 0.7615217391304347, "_runtime": 477, "_timestamp": 1615407057, "_step": 9}