{"train_loss": 0.4667550412937054, "train_accuracy": 0.844925925925926, "val_loss": 0.4700934161231181, "val_accuracy": 0.8415, "_runtime": 277, "_timestamp": 1615365392, "_step": 9}