{"train_loss": 0.625004791143148, "train_accuracy": 0.7942, "val_loss": 0.6182786187053851, "val_accuracy": 0.7995, "_runtime": 164, "_timestamp": 1615296477, "_step": 4}