{"train_loss": 0.46706451342515226, "train_accuracy": 0.8221256038647343, "val_loss": 0.5991549973849456, "val_accuracy": 0.7847826086956522, "_runtime": 263, "_timestamp": 1615418218, "_step": 9}