{"train_loss": 0.4828634299146311, "train_accuracy": 0.818780193236715, "val_loss": 0.6209836869598726, "val_accuracy": 0.7811956521739131, "_runtime": 271, "_timestamp": 1615395150, "_step": 9}