{"train_loss": 0.6783523883581938, "train_accuracy": 0.753768115942029, "val_loss": 0.7035203892483302, "val_accuracy": 0.7460869565217392, "_runtime": 506, "_timestamp": 1615421267, "_step": 9}