{"train_loss": 0.27188353309431473, "train_accuracy": 0.8992333333333333, "val_loss": 0.2291319991462436, "val_accuracy": 0.9168333333333333, "_runtime": 298, "_timestamp": 1615307342, "_step": 4}