{"train_loss": 0.6271543676508446, "train_accuracy": 0.7876111111111112, "val_loss": 0.6229369935555255, "val_accuracy": 0.7853333333333333, "_runtime": 1092, "_timestamp": 1615371880, "_step": 9}