{"train_loss": 0.5089607366030129, "train_accuracy": 0.8070410628019323, "val_loss": 0.5807952613146538, "val_accuracy": 0.7929347826086957, "_runtime": 331, "_timestamp": 1615400552, "_step": 4}