{"train_loss": 0.2649660215925042, "train_accuracy": 0.9039166666666667, "val_loss": 0.23405673003550526, "val_accuracy": 0.9153333333333333, "_runtime": 236, "_timestamp": 1615305105, "_step": 9}