{"train_loss": 0.5387646651098504, "train_accuracy": 0.8008695652173913, "val_loss": 0.5997433973876704, "val_accuracy": 0.7755434782608696, "_runtime": 262, "_timestamp": 1615393012, "_step": 4}