{"train_loss": 0.5563882734916058, "train_accuracy": 0.8178333333333333, "val_loss": 0.5593744593618094, "val_accuracy": 0.8168333333333333, "_runtime": 61, "_timestamp": 1615364860, "_step": 4}