{"train_loss": 0.3270342879218339, "train_accuracy": 0.8812407407407408, "val_loss": 0.3537122205310681, "val_accuracy": 0.8736666666666667, "_runtime": 163, "_timestamp": 1615362324, "_step": 4}