{"train_loss": 0.5077195032996301, "train_accuracy": 0.8193888888888889, "val_loss": 0.5264344520211304, "val_accuracy": 0.8131666666666667, "_runtime": 154, "_timestamp": 1615367076, "_step": 9}