{"train_loss": 0.26523585917646914, "train_accuracy": 0.9004666666666666, "val_loss": 0.22734119006998216, "val_accuracy": 0.916, "_runtime": 191, "_timestamp": 1615306642, "_step": 9}