{"train_loss": 0.2863312608267287, "train_accuracy": 0.8938148148148148, "val_loss": 0.32219436973398313, "val_accuracy": 0.8853333333333333, "_runtime": 320, "_timestamp": 1615380166, "_step": 9}