{"train_loss": 0.4049251952008616, "train_accuracy": 0.8616111111111111, "val_loss": 0.4275749748166287, "val_accuracy": 0.8513333333333334, "_runtime": 256, "_timestamp": 1615385113, "_step": 9}