{"train_loss": 0.42586939888395314, "train_accuracy": 0.8486666666666667, "val_loss": 0.42614722421381956, "val_accuracy": 0.8485, "_runtime": 126, "_timestamp": 1615366582, "_step": 9}