{"train_loss": 2.307716038213209, "train_accuracy": 0.10051851851851852, "val_loss": 2.3087050710508343, "val_accuracy": 0.09533333333333334, "_runtime": 143, "_timestamp": 1615367404, "_step": 9}