{"train_loss": 0.5031589410763836, "train_accuracy": 0.8149516908212561, "val_loss": 0.5541843343006243, "val_accuracy": 0.7977173913043478, "_runtime": 488, "_timestamp": 1615411355, "_step": 9}