{"train_loss": 0.3074404172692395, "train_accuracy": 0.8889444444444444, "val_loss": 0.3418598655401273, "val_accuracy": 0.8773333333333333, "_runtime": 247, "_timestamp": 1615383128, "_step": 9}