{"train_loss": 0.26895757733670295, "train_accuracy": 0.9008333333333334, "val_loss": 0.3401064644743311, "val_accuracy": 0.8781666666666667, "_runtime": 316, "_timestamp": 1615379506, "_step": 9}