{"train_loss": 0.30970105754765576, "train_accuracy": 0.8835, "val_loss": 0.3543351967501475, "val_accuracy": 0.872, "_runtime": 191, "_timestamp": 1615366282, "_step": 9}