{"train_loss": 0.5982546117560535, "train_accuracy": 0.8022666666666667, "val_loss": 0.5874898012661636, "val_accuracy": 0.8081666666666667, "_runtime": 271, "_timestamp": 1615305995, "_step": 9}