{"train_loss": 0.4950512893882078, "train_accuracy": 0.8282222222222222, "val_loss": 0.48708103538196534, "val_accuracy": 0.8353333333333334, "_runtime": 230, "_timestamp": 1615386077, "_step": 9}