{"train_loss": 0.2683697736343722, "train_accuracy": 0.9032333333333333, "test_loss": 0.4205419091436928, "test_accuracy": 0.8724, "_runtime": 531, "_timestamp": 1615474069, "_step": 9}