{"train_loss": 2.2782894838673036, "train_accuracy": 0.18209259259259258, "val_loss": 2.2792931182683596, "val_accuracy": 0.17933333333333334, "_runtime": 50, "_timestamp": 1615366435, "_step": 4}