{"train_loss": 2.284942622657586, "train_accuracy": 0.30465, "val_loss": 2.284582061816253, "val_accuracy": 0.30966666666666665, "_runtime": 11651, "_timestamp": 1615290909, "_step": 29}