{"train_loss": 0.3297168771129982, "train_accuracy": 0.88145, "val_loss": 0.31747375271222134, "val_accuracy": 0.889, "_runtime": 154, "_timestamp": 1615304125, "_step": 4}