{"train_loss": 0.7247279460110667, "train_accuracy": 0.7408333333333333, "val_loss": 0.7323930631596249, "val_accuracy": 0.7381521739130434, "_runtime": 283, "_timestamp": 1615393731, "_step": 4}