{"train_loss": 0.2600012831824591, "train_accuracy": 0.9031111111111111, "val_loss": 0.36165719614280073, "val_accuracy": 0.8838333333333334, "_runtime": 343, "_timestamp": 1615375839, "_step": 9}