{"train_loss": 0.821513099400202, "train_accuracy": 0.7045289855072464, "val_loss": 0.8439139682219906, "val_accuracy": 0.7040217391304348, "_runtime": 277, "_timestamp": 1615406261, "_step": 9}