{"train_loss": NaN, "train_accuracy": 0.0996256038647343, "val_loss": NaN, "val_accuracy": 0.10336956521739131, "_runtime": 623, "_timestamp": 1615405614, "_step": 9}