{"train_loss": 0.7023173975751578, "train_accuracy": 0.7421980676328502, "val_loss": 0.7680061937460498, "val_accuracy": 0.7225, "_runtime": 163, "_timestamp": 1615416912, "_step": 9}